Thu Sep 26 23:41:56 EDT 2024, 0 %
Thu Sep 26 23:41:57 EDT 2024, 0 %
Thu Sep 26 23:41:58 EDT 2024, 0 %
Thu Sep 26 23:41:59 EDT 2024, 0 %
Thu Sep 26 23:42:00 EDT 2024, 0 %
Thu Sep 26 23:42:01 EDT 2024, 0 %
Thu Sep 26 23:42:02 EDT 2024, 0 %
Thu Sep 26 23:42:03 EDT 2024, 0 %
Thu Sep 26 23:42:04 EDT 2024, 0 %
Thu Sep 26 23:42:05 EDT 2024, 0 %
Thu Sep 26 23:42:06 EDT 2024, 0 %
Thu Sep 26 23:42:07 EDT 2024, 0 %
Thu Sep 26 23:42:08 EDT 2024, 0 %
Thu Sep 26 23:42:09 EDT 2024, 0 %
Thu Sep 26 23:42:10 EDT 2024, 0 %
Thu Sep 26 23:42:11 EDT 2024, 0 %
Thu Sep 26 23:42:13 EDT 2024, 0 %
Thu Sep 26 23:42:14 EDT 2024, 0 %
Thu Sep 26 23:42:15 EDT 2024, 0 %
Thu Sep 26 23:42:16 EDT 2024, 0 %
Thu Sep 26 23:42:17 EDT 2024, 0 %
Thu Sep 26 23:42:18 EDT 2024, 0 %
Thu Sep 26 23:42:19 EDT 2024, 0 %
Thu Sep 26 23:42:20 EDT 2024, 0 %
Thu Sep 26 23:42:21 EDT 2024, 0 %
Thu Sep 26 23:42:22 EDT 2024, 0 %
Thu Sep 26 23:42:23 EDT 2024, 0 %
Thu Sep 26 23:42:24 EDT 2024, 0 %
Thu Sep 26 23:42:25 EDT 2024, 0 %
Thu Sep 26 23:42:26 EDT 2024, 0 %
Thu Sep 26 23:42:27 EDT 2024, 0 %
Thu Sep 26 23:42:28 EDT 2024, 0 %
Thu Sep 26 23:42:29 EDT 2024, 0 %
Thu Sep 26 23:42:30 EDT 2024, 0 %
Thu Sep 26 23:42:31 EDT 2024, 0 %
Thu Sep 26 23:42:32 EDT 2024, 0 %
Thu Sep 26 23:42:33 EDT 2024, 0 %
Thu Sep 26 23:42:34 EDT 2024, 0 %
Thu Sep 26 23:42:36 EDT 2024, 0 %
Thu Sep 26 23:42:37 EDT 2024, 0 %
Thu Sep 26 23:42:38 EDT 2024, 0 %
Thu Sep 26 23:42:39 EDT 2024, 0 %
Thu Sep 26 23:42:40 EDT 2024, 0 %
Thu Sep 26 23:42:41 EDT 2024, 0 %
Thu Sep 26 23:42:42 EDT 2024, 0 %
Thu Sep 26 23:42:43 EDT 2024, 0 %
Thu Sep 26 23:42:44 EDT 2024, 0 %
Thu Sep 26 23:42:45 EDT 2024, 12 %
Thu Sep 26 23:42:46 EDT 2024, 11 %
Thu Sep 26 23:42:47 EDT 2024, 10 %
Thu Sep 26 23:42:48 EDT 2024, 10 %
Thu Sep 26 23:42:49 EDT 2024, 9 %
Thu Sep 26 23:42:50 EDT 2024, 10 %
Thu Sep 26 23:42:51 EDT 2024, 10 %
Thu Sep 26 23:42:52 EDT 2024, 9 %
Thu Sep 26 23:42:53 EDT 2024, 9 %
Thu Sep 26 23:42:54 EDT 2024, 10 %
Thu Sep 26 23:42:55 EDT 2024, 10 %
Thu Sep 26 23:42:56 EDT 2024, 4 %
Thu Sep 26 23:42:57 EDT 2024, 8 %
Thu Sep 26 23:42:58 EDT 2024, 8 %
Thu Sep 26 23:43:00 EDT 2024, 10 %
Thu Sep 26 23:43:01 EDT 2024, 2 %
Thu Sep 26 23:43:02 EDT 2024, 0 %
Thu Sep 26 23:43:03 EDT 2024, 0 %
Thu Sep 26 23:43:04 EDT 2024, 1 %
Thu Sep 26 23:43:05 EDT 2024, 0 %
Thu Sep 26 23:43:06 EDT 2024, 0 %
Thu Sep 26 23:43:07 EDT 2024, 0 %
Thu Sep 26 23:43:08 EDT 2024, 0 %
Thu Sep 26 23:43:09 EDT 2024, 0 %
Thu Sep 26 23:43:10 EDT 2024, 0 %
Thu Sep 26 23:43:11 EDT 2024, 38 %
Thu Sep 26 23:43:12 EDT 2024, 100 %
Thu Sep 26 23:43:13 EDT 2024, 100 %
Thu Sep 26 23:43:14 EDT 2024, 98 %
Thu Sep 26 23:43:15 EDT 2024, 98 %
Thu Sep 26 23:43:16 EDT 2024, 97 %
Thu Sep 26 23:43:17 EDT 2024, 0 %
Thu Sep 26 23:43:18 EDT 2024, 0 %
Thu Sep 26 23:43:19 EDT 2024, 9 %
Thu Sep 26 23:43:20 EDT 2024, 7 %
Thu Sep 26 23:43:21 EDT 2024, 8 %
Thu Sep 26 23:43:23 EDT 2024, 5 %
Thu Sep 26 23:43:24 EDT 2024, 8 %
Thu Sep 26 23:43:25 EDT 2024, 7 %
Thu Sep 26 23:43:26 EDT 2024, 6 %
Thu Sep 26 23:43:27 EDT 2024, 5 %
Thu Sep 26 23:43:28 EDT 2024, 8 %
Thu Sep 26 23:43:29 EDT 2024, 9 %
Thu Sep 26 23:43:30 EDT 2024, 8 %
Thu Sep 26 23:43:31 EDT 2024, 7 %
Thu Sep 26 23:43:32 EDT 2024, 9 %
Thu Sep 26 23:43:33 EDT 2024, 8 %
Thu Sep 26 23:43:34 EDT 2024, 4 %
Thu Sep 26 23:43:35 EDT 2024, 7 %
Thu Sep 26 23:43:36 EDT 2024, 8 %
Thu Sep 26 23:43:37 EDT 2024, 3 %
Thu Sep 26 23:43:38 EDT 2024, 6 %
Thu Sep 26 23:43:39 EDT 2024, 8 %
Thu Sep 26 23:43:40 EDT 2024, 6 %
Thu Sep 26 23:43:41 EDT 2024, 100 %
Thu Sep 26 23:43:42 EDT 2024, 100 %
Thu Sep 26 23:43:43 EDT 2024, 100 %
Thu Sep 26 23:43:44 EDT 2024, 100 %
Thu Sep 26 23:43:46 EDT 2024, 99 %
Thu Sep 26 23:43:47 EDT 2024, 99 %
Thu Sep 26 23:43:48 EDT 2024, 3 %
Thu Sep 26 23:43:49 EDT 2024, 0 %
Thu Sep 26 23:43:50 EDT 2024, 15 %
Thu Sep 26 23:43:51 EDT 2024, 3 %
Thu Sep 26 23:43:52 EDT 2024, 9 %
Thu Sep 26 23:43:53 EDT 2024, 10 %
Thu Sep 26 23:43:54 EDT 2024, 10 %
Thu Sep 26 23:43:55 EDT 2024, 10 %
Thu Sep 26 23:43:56 EDT 2024, 11 %
Thu Sep 26 23:43:57 EDT 2024, 10 %
Thu Sep 26 23:43:58 EDT 2024, 10 %
Thu Sep 26 23:43:59 EDT 2024, 9 %
Thu Sep 26 23:44:00 EDT 2024, 10 %
Thu Sep 26 23:44:01 EDT 2024, 10 %
Thu Sep 26 23:44:02 EDT 2024, 10 %
Thu Sep 26 23:44:03 EDT 2024, 3 %
Thu Sep 26 23:44:04 EDT 2024, 11 %
Thu Sep 26 23:44:05 EDT 2024, 100 %
Thu Sep 26 23:44:06 EDT 2024, 100 %
Thu Sep 26 23:44:07 EDT 2024, 98 %
Thu Sep 26 23:44:09 EDT 2024, 98 %
Thu Sep 26 23:44:10 EDT 2024, 98 %
Thu Sep 26 23:44:11 EDT 2024, 0 %
Thu Sep 26 23:44:12 EDT 2024, 12 %
Thu Sep 26 23:44:13 EDT 2024, 11 %
Thu Sep 26 23:44:14 EDT 2024, 12 %
Thu Sep 26 23:44:15 EDT 2024, 12 %
Thu Sep 26 23:44:16 EDT 2024, 12 %
Thu Sep 26 23:44:17 EDT 2024, 13 %
Thu Sep 26 23:44:18 EDT 2024, 12 %
Thu Sep 26 23:44:19 EDT 2024, 12 %
Thu Sep 26 23:44:20 EDT 2024, 11 %
Thu Sep 26 23:44:21 EDT 2024, 11 %
Thu Sep 26 23:44:22 EDT 2024, 9 %
Thu Sep 26 23:44:23 EDT 2024, 10 %
Thu Sep 26 23:44:24 EDT 2024, 10 %
Thu Sep 26 23:44:25 EDT 2024, 10 %
Thu Sep 26 23:44:26 EDT 2024, 4 %
Thu Sep 26 23:44:27 EDT 2024, 100 %
Thu Sep 26 23:44:28 EDT 2024, 100 %
Thu Sep 26 23:44:29 EDT 2024, 100 %
Thu Sep 26 23:44:30 EDT 2024, 100 %
Thu Sep 26 23:44:32 EDT 2024, 99 %
Thu Sep 26 23:44:33 EDT 2024, 98 %
Thu Sep 26 23:44:34 EDT 2024, 3 %
Thu Sep 26 23:44:35 EDT 2024, 4 %
Thu Sep 26 23:44:36 EDT 2024, 13 %
Thu Sep 26 23:44:37 EDT 2024, 9 %
Thu Sep 26 23:44:38 EDT 2024, 11 %
Thu Sep 26 23:44:39 EDT 2024, 4 %
Thu Sep 26 23:44:40 EDT 2024, 11 %
Thu Sep 26 23:44:41 EDT 2024, 11 %
Thu Sep 26 23:44:42 EDT 2024, 10 %
Thu Sep 26 23:44:43 EDT 2024, 11 %
Thu Sep 26 23:44:44 EDT 2024, 10 %
Thu Sep 26 23:44:45 EDT 2024, 10 %
Thu Sep 26 23:44:46 EDT 2024, 10 %
Thu Sep 26 23:44:47 EDT 2024, 11 %
Thu Sep 26 23:44:48 EDT 2024, 10 %
Thu Sep 26 23:44:49 EDT 2024, 7 %
Thu Sep 26 23:44:50 EDT 2024, 100 %
Thu Sep 26 23:44:51 EDT 2024, 100 %
Thu Sep 26 23:44:52 EDT 2024, 100 %
Thu Sep 26 23:44:54 EDT 2024, 98 %
Thu Sep 26 23:44:55 EDT 2024, 98 %
Thu Sep 26 23:44:56 EDT 2024, 98 %
Thu Sep 26 23:44:57 EDT 2024, 0 %
Thu Sep 26 23:44:58 EDT 2024, 0 %
Thu Sep 26 23:44:59 EDT 2024, 11 %
Thu Sep 26 23:45:00 EDT 2024, 14 %
Thu Sep 26 23:45:01 EDT 2024, 13 %
Thu Sep 26 23:45:02 EDT 2024, 12 %
Thu Sep 26 23:45:03 EDT 2024, 12 %
Thu Sep 26 23:45:04 EDT 2024, 13 %
Thu Sep 26 23:45:05 EDT 2024, 12 %
Thu Sep 26 23:45:06 EDT 2024, 13 %
Thu Sep 26 23:45:07 EDT 2024, 13 %
Thu Sep 26 23:45:08 EDT 2024, 14 %
Thu Sep 26 23:45:09 EDT 2024, 2 %
Thu Sep 26 23:45:10 EDT 2024, 14 %
Thu Sep 26 23:45:11 EDT 2024, 100 %
Thu Sep 26 23:45:12 EDT 2024, 100 %
Thu Sep 26 23:45:13 EDT 2024, 100 %
Thu Sep 26 23:45:14 EDT 2024, 100 %
Thu Sep 26 23:45:15 EDT 2024, 100 %
Thu Sep 26 23:45:17 EDT 2024, 100 %
Thu Sep 26 23:45:18 EDT 2024, 100 %
Thu Sep 26 23:45:19 EDT 2024, 99 %
Thu Sep 26 23:45:20 EDT 2024, 98 %
Thu Sep 26 23:45:21 EDT 2024, 99 %
Thu Sep 26 23:45:22 EDT 2024, 0 %
Thu Sep 26 23:45:23 EDT 2024, 12 %
Thu Sep 26 23:45:24 EDT 2024, 13 %
Thu Sep 26 23:45:25 EDT 2024, 10 %
Thu Sep 26 23:45:26 EDT 2024, 13 %
Thu Sep 26 23:45:27 EDT 2024, 13 %
Thu Sep 26 23:45:28 EDT 2024, 11 %
Thu Sep 26 23:45:29 EDT 2024, 10 %
Thu Sep 26 23:45:30 EDT 2024, 10 %
Thu Sep 26 23:45:31 EDT 2024, 6 %
Thu Sep 26 23:45:32 EDT 2024, 11 %
Thu Sep 26 23:45:33 EDT 2024, 10 %
Thu Sep 26 23:45:34 EDT 2024, 10 %
Thu Sep 26 23:45:35 EDT 2024, 10 %
Thu Sep 26 23:45:36 EDT 2024, 10 %
Thu Sep 26 23:45:37 EDT 2024, 7 %
Thu Sep 26 23:45:39 EDT 2024, 100 %
Thu Sep 26 23:45:40 EDT 2024, 100 %
Thu Sep 26 23:45:41 EDT 2024, 100 %
Thu Sep 26 23:45:42 EDT 2024, 98 %
Thu Sep 26 23:45:43 EDT 2024, 98 %
Thu Sep 26 23:45:44 EDT 2024, 98 %
Thu Sep 26 23:45:45 EDT 2024, 100 %
Thu Sep 26 23:45:46 EDT 2024, 100 %
Thu Sep 26 23:45:47 EDT 2024, 100 %
Thu Sep 26 23:45:48 EDT 2024, 100 %
Thu Sep 26 23:45:49 EDT 2024, 98 %
Thu Sep 26 23:45:50 EDT 2024, 98 %
Thu Sep 26 23:45:51 EDT 2024, 98 %
Thu Sep 26 23:45:52 EDT 2024, 25 %
Thu Sep 26 23:45:53 EDT 2024, 0 %
Thu Sep 26 23:45:54 EDT 2024, 15 %
Thu Sep 26 23:45:55 EDT 2024, 12 %
Thu Sep 26 23:45:56 EDT 2024, 15 %
Thu Sep 26 23:45:57 EDT 2024, 12 %
Thu Sep 26 23:45:58 EDT 2024, 7 %
Thu Sep 26 23:45:59 EDT 2024, 12 %
Thu Sep 26 23:46:00 EDT 2024, 13 %
Thu Sep 26 23:46:02 EDT 2024, 14 %
Thu Sep 26 23:46:03 EDT 2024, 13 %
Thu Sep 26 23:46:04 EDT 2024, 11 %
Thu Sep 26 23:46:05 EDT 2024, 8 %
Thu Sep 26 23:46:06 EDT 2024, 8 %
Thu Sep 26 23:46:07 EDT 2024, 7 %
Thu Sep 26 23:46:08 EDT 2024, 100 %
Thu Sep 26 23:46:09 EDT 2024, 100 %
Thu Sep 26 23:46:10 EDT 2024, 100 %
Thu Sep 26 23:46:11 EDT 2024, 96 %
Thu Sep 26 23:46:12 EDT 2024, 99 %
Thu Sep 26 23:46:13 EDT 2024, 99 %
Thu Sep 26 23:46:14 EDT 2024, 0 %
Thu Sep 26 23:46:15 EDT 2024, 9 %
Thu Sep 26 23:46:16 EDT 2024, 6 %
Thu Sep 26 23:46:17 EDT 2024, 9 %
Thu Sep 26 23:46:18 EDT 2024, 9 %
Thu Sep 26 23:46:19 EDT 2024, 9 %
Thu Sep 26 23:46:20 EDT 2024, 3 %
Thu Sep 26 23:46:21 EDT 2024, 8 %
Thu Sep 26 23:46:22 EDT 2024, 8 %
Thu Sep 26 23:46:24 EDT 2024, 10 %
Thu Sep 26 23:46:25 EDT 2024, 9 %
Thu Sep 26 23:46:26 EDT 2024, 6 %
Thu Sep 26 23:46:27 EDT 2024, 9 %
Thu Sep 26 23:46:28 EDT 2024, 8 %
Thu Sep 26 23:46:29 EDT 2024, 9 %
Thu Sep 26 23:46:30 EDT 2024, 10 %
Thu Sep 26 23:46:31 EDT 2024, 8 %
Thu Sep 26 23:46:32 EDT 2024, 10 %
Thu Sep 26 23:46:33 EDT 2024, 100 %
Thu Sep 26 23:46:34 EDT 2024, 100 %
Thu Sep 26 23:46:35 EDT 2024, 100 %
Thu Sep 26 23:46:36 EDT 2024, 97 %
Thu Sep 26 23:46:37 EDT 2024, 98 %
Thu Sep 26 23:46:38 EDT 2024, 98 %
Thu Sep 26 23:46:39 EDT 2024, 100 %
Thu Sep 26 23:46:40 EDT 2024, 100 %
Thu Sep 26 23:46:41 EDT 2024, 100 %
Thu Sep 26 23:46:42 EDT 2024, 98 %
Thu Sep 26 23:46:43 EDT 2024, 98 %
Thu Sep 26 23:46:44 EDT 2024, 3 %
Thu Sep 26 23:46:46 EDT 2024, 0 %
Thu Sep 26 23:46:47 EDT 2024, 7 %
Thu Sep 26 23:46:48 EDT 2024, 10 %
Thu Sep 26 23:46:49 EDT 2024, 10 %
Thu Sep 26 23:46:50 EDT 2024, 10 %
Thu Sep 26 23:46:51 EDT 2024, 4 %
Thu Sep 26 23:46:52 EDT 2024, 10 %
Thu Sep 26 23:46:53 EDT 2024, 8 %
Thu Sep 26 23:46:54 EDT 2024, 9 %
Thu Sep 26 23:46:55 EDT 2024, 8 %
Thu Sep 26 23:46:56 EDT 2024, 9 %
Thu Sep 26 23:46:57 EDT 2024, 7 %
Thu Sep 26 23:46:58 EDT 2024, 9 %
Thu Sep 26 23:46:59 EDT 2024, 6 %
Thu Sep 26 23:47:00 EDT 2024, 6 %
Thu Sep 26 23:47:01 EDT 2024, 6 %
Thu Sep 26 23:47:02 EDT 2024, 100 %
Thu Sep 26 23:47:03 EDT 2024, 100 %
Thu Sep 26 23:47:04 EDT 2024, 98 %
Thu Sep 26 23:47:05 EDT 2024, 99 %
Thu Sep 26 23:47:06 EDT 2024, 0 %
Thu Sep 26 23:47:07 EDT 2024, 0 %
Thu Sep 26 23:47:09 EDT 2024, 7 %
Thu Sep 26 23:47:10 EDT 2024, 7 %
Thu Sep 26 23:47:11 EDT 2024, 7 %
Thu Sep 26 23:47:12 EDT 2024, 7 %
Thu Sep 26 23:47:13 EDT 2024, 7 %
Thu Sep 26 23:47:14 EDT 2024, 8 %
Thu Sep 26 23:47:15 EDT 2024, 9 %
Thu Sep 26 23:47:16 EDT 2024, 9 %
Thu Sep 26 23:47:17 EDT 2024, 6 %
Thu Sep 26 23:47:18 EDT 2024, 8 %
Thu Sep 26 23:47:19 EDT 2024, 8 %
Thu Sep 26 23:47:20 EDT 2024, 8 %
Thu Sep 26 23:47:21 EDT 2024, 7 %
Thu Sep 26 23:47:22 EDT 2024, 6 %
Thu Sep 26 23:47:23 EDT 2024, 7 %
Thu Sep 26 23:47:24 EDT 2024, 8 %
Thu Sep 26 23:47:25 EDT 2024, 8 %
Thu Sep 26 23:47:26 EDT 2024, 9 %
Thu Sep 26 23:47:27 EDT 2024, 8 %
Thu Sep 26 23:47:28 EDT 2024, 7 %
Thu Sep 26 23:47:29 EDT 2024, 100 %
Thu Sep 26 23:47:30 EDT 2024, 100 %
Thu Sep 26 23:47:32 EDT 2024, 100 %
Thu Sep 26 23:47:33 EDT 2024, 100 %
Thu Sep 26 23:47:34 EDT 2024, 99 %
Thu Sep 26 23:47:35 EDT 2024, 99 %
Thu Sep 26 23:47:36 EDT 2024, 0 %
Thu Sep 26 23:47:37 EDT 2024, 0 %
Thu Sep 26 23:47:38 EDT 2024, 7 %
Thu Sep 26 23:47:39 EDT 2024, 9 %
Thu Sep 26 23:47:40 EDT 2024, 8 %
Thu Sep 26 23:47:41 EDT 2024, 9 %
Thu Sep 26 23:47:42 EDT 2024, 9 %
Thu Sep 26 23:47:43 EDT 2024, 9 %
Thu Sep 26 23:47:44 EDT 2024, 9 %
Thu Sep 26 23:47:45 EDT 2024, 2 %
Thu Sep 26 23:47:46 EDT 2024, 8 %
Thu Sep 26 23:47:47 EDT 2024, 8 %
Thu Sep 26 23:47:48 EDT 2024, 8 %
Thu Sep 26 23:47:49 EDT 2024, 9 %
Thu Sep 26 23:47:50 EDT 2024, 8 %
Thu Sep 26 23:47:51 EDT 2024, 8 %
Thu Sep 26 23:47:52 EDT 2024, 9 %
Thu Sep 26 23:47:53 EDT 2024, 9 %
Thu Sep 26 23:47:55 EDT 2024, 9 %
Thu Sep 26 23:47:56 EDT 2024, 49 %
Thu Sep 26 23:47:57 EDT 2024, 100 %
Thu Sep 26 23:47:58 EDT 2024, 98 %
Thu Sep 26 23:47:59 EDT 2024, 98 %
Thu Sep 26 23:48:00 EDT 2024, 98 %
Thu Sep 26 23:48:01 EDT 2024, 100 %
Thu Sep 26 23:48:02 EDT 2024, 100 %
Thu Sep 26 23:48:03 EDT 2024, 100 %
Thu Sep 26 23:48:04 EDT 2024, 100 %
Thu Sep 26 23:48:05 EDT 2024, 95 %
Thu Sep 26 23:48:06 EDT 2024, 98 %
Thu Sep 26 23:48:07 EDT 2024, 98 %
Thu Sep 26 23:48:08 EDT 2024, 0 %
Thu Sep 26 23:48:09 EDT 2024, 0 %
Thu Sep 26 23:48:10 EDT 2024, 11 %
Thu Sep 26 23:48:11 EDT 2024, 5 %
Thu Sep 26 23:48:12 EDT 2024, 13 %
Thu Sep 26 23:48:13 EDT 2024, 5 %
Thu Sep 26 23:48:14 EDT 2024, 12 %
Thu Sep 26 23:48:15 EDT 2024, 12 %
Thu Sep 26 23:48:16 EDT 2024, 11 %
Thu Sep 26 23:48:18 EDT 2024, 6 %
Thu Sep 26 23:48:19 EDT 2024, 11 %
Thu Sep 26 23:48:20 EDT 2024, 8 %
Thu Sep 26 23:48:21 EDT 2024, 12 %
Thu Sep 26 23:48:22 EDT 2024, 2 %
Thu Sep 26 23:48:23 EDT 2024, 14 %
Thu Sep 26 23:48:24 EDT 2024, 20 %
Thu Sep 26 23:48:25 EDT 2024, 100 %
Thu Sep 26 23:48:26 EDT 2024, 100 %
Thu Sep 26 23:48:27 EDT 2024, 99 %
Thu Sep 26 23:48:28 EDT 2024, 99 %
Thu Sep 26 23:48:29 EDT 2024, 99 %
Thu Sep 26 23:48:30 EDT 2024, 0 %
Thu Sep 26 23:48:31 EDT 2024, 9 %
Thu Sep 26 23:48:32 EDT 2024, 11 %
Thu Sep 26 23:48:33 EDT 2024, 4 %
Thu Sep 26 23:48:34 EDT 2024, 9 %
Thu Sep 26 23:48:35 EDT 2024, 10 %
Thu Sep 26 23:48:36 EDT 2024, 9 %
Thu Sep 26 23:48:37 EDT 2024, 9 %
Thu Sep 26 23:48:38 EDT 2024, 7 %
Thu Sep 26 23:48:39 EDT 2024, 9 %
Thu Sep 26 23:48:40 EDT 2024, 8 %
Thu Sep 26 23:48:41 EDT 2024, 9 %
Thu Sep 26 23:48:43 EDT 2024, 9 %
Thu Sep 26 23:48:44 EDT 2024, 9 %
Thu Sep 26 23:48:45 EDT 2024, 9 %
Thu Sep 26 23:48:46 EDT 2024, 9 %
Thu Sep 26 23:48:47 EDT 2024, 7 %
Thu Sep 26 23:48:48 EDT 2024, 9 %
Thu Sep 26 23:48:49 EDT 2024, 100 %
Thu Sep 26 23:48:50 EDT 2024, 100 %
Thu Sep 26 23:48:51 EDT 2024, 98 %
Thu Sep 26 23:48:52 EDT 2024, 98 %
Thu Sep 26 23:48:53 EDT 2024, 98 %
Thu Sep 26 23:48:54 EDT 2024, 46 %
Thu Sep 26 23:48:55 EDT 2024, 100 %
Thu Sep 26 23:48:56 EDT 2024, 100 %
Thu Sep 26 23:48:57 EDT 2024, 98 %
Thu Sep 26 23:48:58 EDT 2024, 98 %
Thu Sep 26 23:48:59 EDT 2024, 98 %
Thu Sep 26 23:49:00 EDT 2024, 0 %
Thu Sep 26 23:49:01 EDT 2024, 9 %
Thu Sep 26 23:49:02 EDT 2024, 8 %
Thu Sep 26 23:49:03 EDT 2024, 8 %
Thu Sep 26 23:49:04 EDT 2024, 10 %
Thu Sep 26 23:49:05 EDT 2024, 8 %
Thu Sep 26 23:49:07 EDT 2024, 4 %
Thu Sep 26 23:49:08 EDT 2024, 10 %
Thu Sep 26 23:49:09 EDT 2024, 10 %
Thu Sep 26 23:49:10 EDT 2024, 10 %
Thu Sep 26 23:49:11 EDT 2024, 10 %
Thu Sep 26 23:49:12 EDT 2024, 9 %
Thu Sep 26 23:49:13 EDT 2024, 10 %
Thu Sep 26 23:49:14 EDT 2024, 7 %
Thu Sep 26 23:49:15 EDT 2024, 7 %
Thu Sep 26 23:49:16 EDT 2024, 100 %
Thu Sep 26 23:49:17 EDT 2024, 100 %
Thu Sep 26 23:49:18 EDT 2024, 100 %
Thu Sep 26 23:49:19 EDT 2024, 98 %
Thu Sep 26 23:49:20 EDT 2024, 99 %
Thu Sep 26 23:49:21 EDT 2024, 0 %
Thu Sep 26 23:49:22 EDT 2024, 0 %
Thu Sep 26 23:49:23 EDT 2024, 7 %
Thu Sep 26 23:49:24 EDT 2024, 7 %
Thu Sep 26 23:49:25 EDT 2024, 9 %
Thu Sep 26 23:49:26 EDT 2024, 8 %
Thu Sep 26 23:49:27 EDT 2024, 6 %
Thu Sep 26 23:49:29 EDT 2024, 8 %
Thu Sep 26 23:49:30 EDT 2024, 7 %
Thu Sep 26 23:49:31 EDT 2024, 8 %
Thu Sep 26 23:49:32 EDT 2024, 8 %
Thu Sep 26 23:49:33 EDT 2024, 9 %
Thu Sep 26 23:49:34 EDT 2024, 6 %
Thu Sep 26 23:49:35 EDT 2024, 2 %
Thu Sep 26 23:49:36 EDT 2024, 6 %
Thu Sep 26 23:49:37 EDT 2024, 8 %
Thu Sep 26 23:49:38 EDT 2024, 7 %
Thu Sep 26 23:49:39 EDT 2024, 6 %
Thu Sep 26 23:49:40 EDT 2024, 8 %
Thu Sep 26 23:49:41 EDT 2024, 7 %
Thu Sep 26 23:49:42 EDT 2024, 8 %
Thu Sep 26 23:49:43 EDT 2024, 7 %
Thu Sep 26 23:49:44 EDT 2024, 9 %
Thu Sep 26 23:49:45 EDT 2024, 100 %
Thu Sep 26 23:49:46 EDT 2024, 100 %
Thu Sep 26 23:49:47 EDT 2024, 100 %
Thu Sep 26 23:49:48 EDT 2024, 100 %
Thu Sep 26 23:49:49 EDT 2024, 95 %
Thu Sep 26 23:49:51 EDT 2024, 99 %
Thu Sep 26 23:49:52 EDT 2024, 98 %
Thu Sep 26 23:49:53 EDT 2024, 0 %
Thu Sep 26 23:49:54 EDT 2024, 2 %
Thu Sep 26 23:49:55 EDT 2024, 8 %
Thu Sep 26 23:49:56 EDT 2024, 6 %
Thu Sep 26 23:49:57 EDT 2024, 2 %
Thu Sep 26 23:49:58 EDT 2024, 6 %
Thu Sep 26 23:49:59 EDT 2024, 8 %
Thu Sep 26 23:50:00 EDT 2024, 6 %
Thu Sep 26 23:50:01 EDT 2024, 9 %
Thu Sep 26 23:50:02 EDT 2024, 8 %
Thu Sep 26 23:50:03 EDT 2024, 9 %
Thu Sep 26 23:50:04 EDT 2024, 9 %
Thu Sep 26 23:50:05 EDT 2024, 8 %
Thu Sep 26 23:50:06 EDT 2024, 8 %
Thu Sep 26 23:50:07 EDT 2024, 9 %
Thu Sep 26 23:50:08 EDT 2024, 3 %
Thu Sep 26 23:50:09 EDT 2024, 8 %
Thu Sep 26 23:50:10 EDT 2024, 8 %
Thu Sep 26 23:50:11 EDT 2024, 8 %
Thu Sep 26 23:50:13 EDT 2024, 8 %
Thu Sep 26 23:50:14 EDT 2024, 100 %
Thu Sep 26 23:50:15 EDT 2024, 100 %
Thu Sep 26 23:50:16 EDT 2024, 100 %
Thu Sep 26 23:50:17 EDT 2024, 98 %
Thu Sep 26 23:50:18 EDT 2024, 98 %
Thu Sep 26 23:50:19 EDT 2024, 10 %
Thu Sep 26 23:50:20 EDT 2024, 100 %
Thu Sep 26 23:50:21 EDT 2024, 100 %
Thu Sep 26 23:50:22 EDT 2024, 100 %
Thu Sep 26 23:50:23 EDT 2024, 100 %
Thu Sep 26 23:50:24 EDT 2024, 97 %
Thu Sep 26 23:50:25 EDT 2024, 98 %
Thu Sep 26 23:50:26 EDT 2024, 99 %
Thu Sep 26 23:50:27 EDT 2024, 98 %
Thu Sep 26 23:50:28 EDT 2024, 0 %
Thu Sep 26 23:50:29 EDT 2024, 13 %
Thu Sep 26 23:50:30 EDT 2024, 14 %
Thu Sep 26 23:50:31 EDT 2024, 14 %
Thu Sep 26 23:50:32 EDT 2024, 4 %
Thu Sep 26 23:50:33 EDT 2024, 15 %
Thu Sep 26 23:50:35 EDT 2024, 13 %
Thu Sep 26 23:50:36 EDT 2024, 13 %
Thu Sep 26 23:50:37 EDT 2024, 12 %
Thu Sep 26 23:50:38 EDT 2024, 12 %
Thu Sep 26 23:50:39 EDT 2024, 11 %
Thu Sep 26 23:50:40 EDT 2024, 10 %
Thu Sep 26 23:50:41 EDT 2024, 10 %
Thu Sep 26 23:50:42 EDT 2024, 9 %
Thu Sep 26 23:50:43 EDT 2024, 10 %
Thu Sep 26 23:50:44 EDT 2024, 100 %
Thu Sep 26 23:50:45 EDT 2024, 100 %
Thu Sep 26 23:50:46 EDT 2024, 100 %
Thu Sep 26 23:50:47 EDT 2024, 100 %
Thu Sep 26 23:50:48 EDT 2024, 100 %
Thu Sep 26 23:50:49 EDT 2024, 99 %
Thu Sep 26 23:50:50 EDT 2024, 99 %
Thu Sep 26 23:50:51 EDT 2024, 84 %
Thu Sep 26 23:50:52 EDT 2024, 0 %
Thu Sep 26 23:50:53 EDT 2024, 9 %
Thu Sep 26 23:50:54 EDT 2024, 10 %
Thu Sep 26 23:50:55 EDT 2024, 7 %
Thu Sep 26 23:50:57 EDT 2024, 8 %
Thu Sep 26 23:50:58 EDT 2024, 8 %
Thu Sep 26 23:50:59 EDT 2024, 10 %
Thu Sep 26 23:51:00 EDT 2024, 9 %
Thu Sep 26 23:51:01 EDT 2024, 2 %
Thu Sep 26 23:51:02 EDT 2024, 9 %
Thu Sep 26 23:51:03 EDT 2024, 9 %
Thu Sep 26 23:51:04 EDT 2024, 9 %
Thu Sep 26 23:51:05 EDT 2024, 10 %
Thu Sep 26 23:51:06 EDT 2024, 7 %
Thu Sep 26 23:51:07 EDT 2024, 9 %
Thu Sep 26 23:51:08 EDT 2024, 9 %
Thu Sep 26 23:51:09 EDT 2024, 9 %
Thu Sep 26 23:51:10 EDT 2024, 7 %
Thu Sep 26 23:51:11 EDT 2024, 100 %
Thu Sep 26 23:51:12 EDT 2024, 100 %
Thu Sep 26 23:51:13 EDT 2024, 100 %
Thu Sep 26 23:51:14 EDT 2024, 100 %
Thu Sep 26 23:51:15 EDT 2024, 100 %
Thu Sep 26 23:51:16 EDT 2024, 97 %
Thu Sep 26 23:51:17 EDT 2024, 98 %
Thu Sep 26 23:51:19 EDT 2024, 98 %
Thu Sep 26 23:51:20 EDT 2024, 98 %
Thu Sep 26 23:51:21 EDT 2024, 100 %
Thu Sep 26 23:51:22 EDT 2024, 100 %
Thu Sep 26 23:51:23 EDT 2024, 100 %
Thu Sep 26 23:51:24 EDT 2024, 100 %
Thu Sep 26 23:51:25 EDT 2024, 98 %
Thu Sep 26 23:51:26 EDT 2024, 98 %
Thu Sep 26 23:51:27 EDT 2024, 98 %
Thu Sep 26 23:51:28 EDT 2024, 4 %
Thu Sep 26 23:51:29 EDT 2024, 0 %
Thu Sep 26 23:51:30 EDT 2024, 13 %
Thu Sep 26 23:51:31 EDT 2024, 5 %
Thu Sep 26 23:51:32 EDT 2024, 15 %
Thu Sep 26 23:51:33 EDT 2024, 14 %
Thu Sep 26 23:51:34 EDT 2024, 13 %
Thu Sep 26 23:51:35 EDT 2024, 14 %
Thu Sep 26 23:51:36 EDT 2024, 5 %
Thu Sep 26 23:51:37 EDT 2024, 10 %
Thu Sep 26 23:51:38 EDT 2024, 4 %
Thu Sep 26 23:51:39 EDT 2024, 7 %
Thu Sep 26 23:51:41 EDT 2024, 8 %
Thu Sep 26 23:51:42 EDT 2024, 8 %
Thu Sep 26 23:51:43 EDT 2024, 14 %
Thu Sep 26 23:51:44 EDT 2024, 7 %
Thu Sep 26 23:51:45 EDT 2024, 100 %
Thu Sep 26 23:51:46 EDT 2024, 100 %
Thu Sep 26 23:51:47 EDT 2024, 100 %
Thu Sep 26 23:51:48 EDT 2024, 100 %
Thu Sep 26 23:51:49 EDT 2024, 99 %
Thu Sep 26 23:51:50 EDT 2024, 99 %
Thu Sep 26 23:51:51 EDT 2024, 0 %
Thu Sep 26 23:51:52 EDT 2024, 0 %
Thu Sep 26 23:51:53 EDT 2024, 8 %
Thu Sep 26 23:51:54 EDT 2024, 9 %
Thu Sep 26 23:51:55 EDT 2024, 7 %
Thu Sep 26 23:51:56 EDT 2024, 9 %
Thu Sep 26 23:51:57 EDT 2024, 9 %
Thu Sep 26 23:51:58 EDT 2024, 9 %
Thu Sep 26 23:51:59 EDT 2024, 7 %
Thu Sep 26 23:52:00 EDT 2024, 8 %
Thu Sep 26 23:52:01 EDT 2024, 7 %
Thu Sep 26 23:52:03 EDT 2024, 6 %
Thu Sep 26 23:52:04 EDT 2024, 6 %
Thu Sep 26 23:52:05 EDT 2024, 7 %
Thu Sep 26 23:52:06 EDT 2024, 8 %
Thu Sep 26 23:52:07 EDT 2024, 5 %
Thu Sep 26 23:52:08 EDT 2024, 3 %
Thu Sep 26 23:52:09 EDT 2024, 6 %
Thu Sep 26 23:52:10 EDT 2024, 3 %
Thu Sep 26 23:52:11 EDT 2024, 100 %
Thu Sep 26 23:52:12 EDT 2024, 99 %
Thu Sep 26 23:52:13 EDT 2024, 98 %
Thu Sep 26 23:52:14 EDT 2024, 75 %
Thu Sep 26 23:52:15 EDT 2024, 0 %
Thu Sep 26 23:52:16 EDT 2024, 3 %
Thu Sep 26 23:52:17 EDT 2024, 6 %
Thu Sep 26 23:52:18 EDT 2024, 6 %
Thu Sep 26 23:52:19 EDT 2024, 6 %
Thu Sep 26 23:52:20 EDT 2024, 1 %
Thu Sep 26 23:52:21 EDT 2024, 7 %
Thu Sep 26 23:52:22 EDT 2024, 8 %
Thu Sep 26 23:52:23 EDT 2024, 1 %
Thu Sep 26 23:52:25 EDT 2024, 7 %
Thu Sep 26 23:52:26 EDT 2024, 9 %
Thu Sep 26 23:52:27 EDT 2024, 7 %
Thu Sep 26 23:52:28 EDT 2024, 7 %
Thu Sep 26 23:52:29 EDT 2024, 8 %
Thu Sep 26 23:52:30 EDT 2024, 8 %
Thu Sep 26 23:52:31 EDT 2024, 8 %
Thu Sep 26 23:52:32 EDT 2024, 8 %
Thu Sep 26 23:52:33 EDT 2024, 8 %
Thu Sep 26 23:52:34 EDT 2024, 9 %
Thu Sep 26 23:52:35 EDT 2024, 9 %
Thu Sep 26 23:52:36 EDT 2024, 8 %
Thu Sep 26 23:52:37 EDT 2024, 100 %
Thu Sep 26 23:52:38 EDT 2024, 100 %
Thu Sep 26 23:52:39 EDT 2024, 100 %
Thu Sep 26 23:52:40 EDT 2024, 98 %
Thu Sep 26 23:52:41 EDT 2024, 97 %
Thu Sep 26 23:52:42 EDT 2024, 98 %
Thu Sep 26 23:52:43 EDT 2024, 100 %
Thu Sep 26 23:52:44 EDT 2024, 100 %
Thu Sep 26 23:52:45 EDT 2024, 100 %
Thu Sep 26 23:52:47 EDT 2024, 97 %
Thu Sep 26 23:52:48 EDT 2024, 98 %
Thu Sep 26 23:52:49 EDT 2024, 3 %
Thu Sep 26 23:52:50 EDT 2024, 0 %
Thu Sep 26 23:52:51 EDT 2024, 9 %
Thu Sep 26 23:52:52 EDT 2024, 8 %
Thu Sep 26 23:52:53 EDT 2024, 8 %
Thu Sep 26 23:52:54 EDT 2024, 8 %
Thu Sep 26 23:52:55 EDT 2024, 8 %
Thu Sep 26 23:52:56 EDT 2024, 6 %
Thu Sep 26 23:52:57 EDT 2024, 8 %
Thu Sep 26 23:52:58 EDT 2024, 9 %
Thu Sep 26 23:52:59 EDT 2024, 8 %
Thu Sep 26 23:53:00 EDT 2024, 10 %
Thu Sep 26 23:53:01 EDT 2024, 9 %
Thu Sep 26 23:53:02 EDT 2024, 9 %
Thu Sep 26 23:53:03 EDT 2024, 9 %
Thu Sep 26 23:53:04 EDT 2024, 3 %
Thu Sep 26 23:53:05 EDT 2024, 8 %
Thu Sep 26 23:53:06 EDT 2024, 9 %
Thu Sep 26 23:53:07 EDT 2024, 8 %
Thu Sep 26 23:53:08 EDT 2024, 9 %
Thu Sep 26 23:53:10 EDT 2024, 10 %
Thu Sep 26 23:53:11 EDT 2024, 100 %
Thu Sep 26 23:53:12 EDT 2024, 100 %
Thu Sep 26 23:53:13 EDT 2024, 100 %
Thu Sep 26 23:53:14 EDT 2024, 100 %
Thu Sep 26 23:53:15 EDT 2024, 100 %
Thu Sep 26 23:53:16 EDT 2024, 100 %
Thu Sep 26 23:53:17 EDT 2024, 100 %
Thu Sep 26 23:53:18 EDT 2024, 98 %
Thu Sep 26 23:53:19 EDT 2024, 99 %
Thu Sep 26 23:53:20 EDT 2024, 99 %
Thu Sep 26 23:53:21 EDT 2024, 0 %
Thu Sep 26 23:53:22 EDT 2024, 12 %
Thu Sep 26 23:53:23 EDT 2024, 12 %
Thu Sep 26 23:53:24 EDT 2024, 13 %
Thu Sep 26 23:53:25 EDT 2024, 13 %
Thu Sep 26 23:53:26 EDT 2024, 12 %
Thu Sep 26 23:53:27 EDT 2024, 9 %
Thu Sep 26 23:53:28 EDT 2024, 9 %
Thu Sep 26 23:53:29 EDT 2024, 8 %
Thu Sep 26 23:53:30 EDT 2024, 8 %
Thu Sep 26 23:53:32 EDT 2024, 9 %
Thu Sep 26 23:53:33 EDT 2024, 9 %
Thu Sep 26 23:53:34 EDT 2024, 9 %
Thu Sep 26 23:53:35 EDT 2024, 9 %
Thu Sep 26 23:53:36 EDT 2024, 6 %
Thu Sep 26 23:53:37 EDT 2024, 9 %
Thu Sep 26 23:53:38 EDT 2024, 100 %
Thu Sep 26 23:53:39 EDT 2024, 100 %
Thu Sep 26 23:53:40 EDT 2024, 100 %
Thu Sep 26 23:53:41 EDT 2024, 98 %
Thu Sep 26 23:53:42 EDT 2024, 97 %
Thu Sep 26 23:53:43 EDT 2024, 90 %
Thu Sep 26 23:53:44 EDT 2024, 100 %
Thu Sep 26 23:53:45 EDT 2024, 100 %
Thu Sep 26 23:53:46 EDT 2024, 100 %
Thu Sep 26 23:53:47 EDT 2024, 100 %
Thu Sep 26 23:53:48 EDT 2024, 98 %
Thu Sep 26 23:53:49 EDT 2024, 98 %
Thu Sep 26 23:53:50 EDT 2024, 98 %
Thu Sep 26 23:53:51 EDT 2024, 61 %
Thu Sep 26 23:53:53 EDT 2024, 0 %
Thu Sep 26 23:53:54 EDT 2024, 11 %
Thu Sep 26 23:53:55 EDT 2024, 12 %
Thu Sep 26 23:53:56 EDT 2024, 14 %
Thu Sep 26 23:53:57 EDT 2024, 14 %
Thu Sep 26 23:53:58 EDT 2024, 11 %
Thu Sep 26 23:53:59 EDT 2024, 10 %
Thu Sep 26 23:54:00 EDT 2024, 12 %
Thu Sep 26 23:54:01 EDT 2024, 12 %
Thu Sep 26 23:54:02 EDT 2024, 10 %
Thu Sep 26 23:54:03 EDT 2024, 10 %
Thu Sep 26 23:54:04 EDT 2024, 4 %
Thu Sep 26 23:54:05 EDT 2024, 8 %
Thu Sep 26 23:54:06 EDT 2024, 9 %
Thu Sep 26 23:54:07 EDT 2024, 9 %
Thu Sep 26 23:54:08 EDT 2024, 10 %
Thu Sep 26 23:54:09 EDT 2024, 3 %
Thu Sep 26 23:54:10 EDT 2024, 100 %
Thu Sep 26 23:54:11 EDT 2024, 100 %
Thu Sep 26 23:54:12 EDT 2024, 100 %
Thu Sep 26 23:54:13 EDT 2024, 100 %
Thu Sep 26 23:54:14 EDT 2024, 100 %
Thu Sep 26 23:54:15 EDT 2024, 98 %
Thu Sep 26 23:54:16 EDT 2024, 99 %
Thu Sep 26 23:54:18 EDT 2024, 0 %
Thu Sep 26 23:54:19 EDT 2024, 0 %
Thu Sep 26 23:54:20 EDT 2024, 9 %
Thu Sep 26 23:54:21 EDT 2024, 9 %
Thu Sep 26 23:54:22 EDT 2024, 6 %
Thu Sep 26 23:54:23 EDT 2024, 10 %
Thu Sep 26 23:54:24 EDT 2024, 8 %
Thu Sep 26 23:54:25 EDT 2024, 8 %
Thu Sep 26 23:54:26 EDT 2024, 9 %
Thu Sep 26 23:54:27 EDT 2024, 8 %
Thu Sep 26 23:54:28 EDT 2024, 9 %
Thu Sep 26 23:54:29 EDT 2024, 9 %
Thu Sep 26 23:54:30 EDT 2024, 8 %
Thu Sep 26 23:54:31 EDT 2024, 9 %
Thu Sep 26 23:54:32 EDT 2024, 8 %
Thu Sep 26 23:54:33 EDT 2024, 6 %
Thu Sep 26 23:54:34 EDT 2024, 71 %
Thu Sep 26 23:54:35 EDT 2024, 100 %
Thu Sep 26 23:54:36 EDT 2024, 100 %
Thu Sep 26 23:54:37 EDT 2024, 100 %
Thu Sep 26 23:54:38 EDT 2024, 98 %
Thu Sep 26 23:54:40 EDT 2024, 98 %
Thu Sep 26 23:54:41 EDT 2024, 98 %
Thu Sep 26 23:54:42 EDT 2024, 0 %
Thu Sep 26 23:54:43 EDT 2024, 7 %
Thu Sep 26 23:54:44 EDT 2024, 6 %
Thu Sep 26 23:54:45 EDT 2024, 7 %
Thu Sep 26 23:54:46 EDT 2024, 11 %
Thu Sep 26 23:54:47 EDT 2024, 9 %
Thu Sep 26 23:54:48 EDT 2024, 6 %
Thu Sep 26 23:54:49 EDT 2024, 6 %
Thu Sep 26 23:54:50 EDT 2024, 5 %
Thu Sep 26 23:54:51 EDT 2024, 8 %
Thu Sep 26 23:54:52 EDT 2024, 8 %
Thu Sep 26 23:54:53 EDT 2024, 8 %
Thu Sep 26 23:54:54 EDT 2024, 8 %
Thu Sep 26 23:54:55 EDT 2024, 8 %
Thu Sep 26 23:54:56 EDT 2024, 8 %
Thu Sep 26 23:54:57 EDT 2024, 8 %
Thu Sep 26 23:54:58 EDT 2024, 8 %
Thu Sep 26 23:54:59 EDT 2024, 8 %
Thu Sep 26 23:55:00 EDT 2024, 8 %
Thu Sep 26 23:55:02 EDT 2024, 7 %
Thu Sep 26 23:55:03 EDT 2024, 7 %
Thu Sep 26 23:55:04 EDT 2024, 100 %
Thu Sep 26 23:55:05 EDT 2024, 100 %
Thu Sep 26 23:55:06 EDT 2024, 100 %
Thu Sep 26 23:55:07 EDT 2024, 98 %
Thu Sep 26 23:55:08 EDT 2024, 98 %
Thu Sep 26 23:55:09 EDT 2024, 98 %
Thu Sep 26 23:55:10 EDT 2024, 100 %
Thu Sep 26 23:55:11 EDT 2024, 100 %
Thu Sep 26 23:55:12 EDT 2024, 100 %
Thu Sep 26 23:55:13 EDT 2024, 98 %
Thu Sep 26 23:55:14 EDT 2024, 98 %
Thu Sep 26 23:55:15 EDT 2024, 93 %
Thu Sep 26 23:55:16 EDT 2024, 0 %
Thu Sep 26 23:55:17 EDT 2024, 1 %
Thu Sep 26 23:55:18 EDT 2024, 8 %
Thu Sep 26 23:55:19 EDT 2024, 7 %
Thu Sep 26 23:55:20 EDT 2024, 8 %
Thu Sep 26 23:55:21 EDT 2024, 8 %
Thu Sep 26 23:55:22 EDT 2024, 10 %
Thu Sep 26 23:55:24 EDT 2024, 8 %
Thu Sep 26 23:55:25 EDT 2024, 7 %
Thu Sep 26 23:55:26 EDT 2024, 7 %
Thu Sep 26 23:55:27 EDT 2024, 8 %
Thu Sep 26 23:55:28 EDT 2024, 8 %
Thu Sep 26 23:55:29 EDT 2024, 3 %
Thu Sep 26 23:55:30 EDT 2024, 8 %
Thu Sep 26 23:55:31 EDT 2024, 8 %
Thu Sep 26 23:55:32 EDT 2024, 8 %
Thu Sep 26 23:55:33 EDT 2024, 8 %
Thu Sep 26 23:55:34 EDT 2024, 8 %
Thu Sep 26 23:55:35 EDT 2024, 8 %
Thu Sep 26 23:55:36 EDT 2024, 8 %
Thu Sep 26 23:55:37 EDT 2024, 8 %
Thu Sep 26 23:55:38 EDT 2024, 100 %
Thu Sep 26 23:55:39 EDT 2024, 100 %
Thu Sep 26 23:55:40 EDT 2024, 100 %
Thu Sep 26 23:55:41 EDT 2024, 99 %
Thu Sep 26 23:55:42 EDT 2024, 99 %
Thu Sep 26 23:55:43 EDT 2024, 16 %
Thu Sep 26 23:55:44 EDT 2024, 0 %
Thu Sep 26 23:55:45 EDT 2024, 13 %
Thu Sep 26 23:55:47 EDT 2024, 4 %
Thu Sep 26 23:55:48 EDT 2024, 12 %
Thu Sep 26 23:55:49 EDT 2024, 4 %
Thu Sep 26 23:55:50 EDT 2024, 11 %
Thu Sep 26 23:55:51 EDT 2024, 10 %
Thu Sep 26 23:55:52 EDT 2024, 10 %
Thu Sep 26 23:55:53 EDT 2024, 10 %
Thu Sep 26 23:55:54 EDT 2024, 10 %
Thu Sep 26 23:55:55 EDT 2024, 10 %
Thu Sep 26 23:55:56 EDT 2024, 7 %
Thu Sep 26 23:55:57 EDT 2024, 9 %
Thu Sep 26 23:55:58 EDT 2024, 9 %
Thu Sep 26 23:55:59 EDT 2024, 9 %
Thu Sep 26 23:56:00 EDT 2024, 8 %
Thu Sep 26 23:56:01 EDT 2024, 100 %
Thu Sep 26 23:56:02 EDT 2024, 100 %
Thu Sep 26 23:56:03 EDT 2024, 100 %
Thu Sep 26 23:56:04 EDT 2024, 98 %
Thu Sep 26 23:56:05 EDT 2024, 97 %
Thu Sep 26 23:56:06 EDT 2024, 93 %
Thu Sep 26 23:56:07 EDT 2024, 0 %
Thu Sep 26 23:56:08 EDT 2024, 11 %
Thu Sep 26 23:56:10 EDT 2024, 10 %
Thu Sep 26 23:56:11 EDT 2024, 3 %
Thu Sep 26 23:56:12 EDT 2024, 10 %
Thu Sep 26 23:56:13 EDT 2024, 5 %
Thu Sep 26 23:56:14 EDT 2024, 12 %
Thu Sep 26 23:56:15 EDT 2024, 10 %
Thu Sep 26 23:56:16 EDT 2024, 9 %
Thu Sep 26 23:56:17 EDT 2024, 10 %
Thu Sep 26 23:56:18 EDT 2024, 8 %
Thu Sep 26 23:56:19 EDT 2024, 9 %
Thu Sep 26 23:56:20 EDT 2024, 2 %
Thu Sep 26 23:56:21 EDT 2024, 9 %
Thu Sep 26 23:56:22 EDT 2024, 7 %
Thu Sep 26 23:56:23 EDT 2024, 8 %
Thu Sep 26 23:56:24 EDT 2024, 11 %
Thu Sep 26 23:56:25 EDT 2024, 3 %
Thu Sep 26 23:56:26 EDT 2024, 100 %
Thu Sep 26 23:56:27 EDT 2024, 100 %
Thu Sep 26 23:56:28 EDT 2024, 100 %
Thu Sep 26 23:56:29 EDT 2024, 99 %
Thu Sep 26 23:56:30 EDT 2024, 98 %
Thu Sep 26 23:56:31 EDT 2024, 3 %
Thu Sep 26 23:56:33 EDT 2024, 1 %
Thu Sep 26 23:56:34 EDT 2024, 13 %
Thu Sep 26 23:56:35 EDT 2024, 9 %
Thu Sep 26 23:56:36 EDT 2024, 12 %
Thu Sep 26 23:56:37 EDT 2024, 11 %
Thu Sep 26 23:56:38 EDT 2024, 12 %
Thu Sep 26 23:56:39 EDT 2024, 10 %
Thu Sep 26 23:56:40 EDT 2024, 10 %
Thu Sep 26 23:56:41 EDT 2024, 7 %
Thu Sep 26 23:56:42 EDT 2024, 11 %
Thu Sep 26 23:56:43 EDT 2024, 11 %
Thu Sep 26 23:56:44 EDT 2024, 8 %
Thu Sep 26 23:56:45 EDT 2024, 9 %
Thu Sep 26 23:56:46 EDT 2024, 7 %
Thu Sep 26 23:56:47 EDT 2024, 9 %
Thu Sep 26 23:56:48 EDT 2024, 100 %
Thu Sep 26 23:56:49 EDT 2024, 100 %
Thu Sep 26 23:56:50 EDT 2024, 100 %
Thu Sep 26 23:56:51 EDT 2024, 100 %
Thu Sep 26 23:56:52 EDT 2024, 98 %
Thu Sep 26 23:56:53 EDT 2024, 97 %
Thu Sep 26 23:56:55 EDT 2024, 3 %
Thu Sep 26 23:56:56 EDT 2024, 100 %
Thu Sep 26 23:56:57 EDT 2024, 100 %
Thu Sep 26 23:56:58 EDT 2024, 96 %
Thu Sep 26 23:56:59 EDT 2024, 98 %
Thu Sep 26 23:57:00 EDT 2024, 98 %
Thu Sep 26 23:57:01 EDT 2024, 0 %
Thu Sep 26 23:57:02 EDT 2024, 13 %
Thu Sep 26 23:57:03 EDT 2024, 13 %
Thu Sep 26 23:57:04 EDT 2024, 14 %
Thu Sep 26 23:57:05 EDT 2024, 13 %
Thu Sep 26 23:57:06 EDT 2024, 13 %
Thu Sep 26 23:57:07 EDT 2024, 14 %
Thu Sep 26 23:57:08 EDT 2024, 14 %
Thu Sep 26 23:57:09 EDT 2024, 12 %
Thu Sep 26 23:57:10 EDT 2024, 2 %
Thu Sep 26 23:57:11 EDT 2024, 14 %
Thu Sep 26 23:57:12 EDT 2024, 0 %
Thu Sep 26 23:57:13 EDT 2024, 14 %
Thu Sep 26 23:57:14 EDT 2024, 28 %
Thu Sep 26 23:57:15 EDT 2024, 100 %
Thu Sep 26 23:57:17 EDT 2024, 100 %
Thu Sep 26 23:57:18 EDT 2024, 100 %
Thu Sep 26 23:57:19 EDT 2024, 100 %
Thu Sep 26 23:57:20 EDT 2024, 98 %
Thu Sep 26 23:57:21 EDT 2024, 98 %
Thu Sep 26 23:57:22 EDT 2024, 97 %
Thu Sep 26 23:57:23 EDT 2024, 0 %
Thu Sep 26 23:57:24 EDT 2024, 0 %
Thu Sep 26 23:57:25 EDT 2024, 9 %
Thu Sep 26 23:57:26 EDT 2024, 8 %
Thu Sep 26 23:57:27 EDT 2024, 8 %
Thu Sep 26 23:57:28 EDT 2024, 8 %
Thu Sep 26 23:57:29 EDT 2024, 9 %
Thu Sep 26 23:57:30 EDT 2024, 9 %
Thu Sep 26 23:57:31 EDT 2024, 10 %
Thu Sep 26 23:57:32 EDT 2024, 10 %
Thu Sep 26 23:57:33 EDT 2024, 9 %
Thu Sep 26 23:57:34 EDT 2024, 5 %
Thu Sep 26 23:57:35 EDT 2024, 3 %
Thu Sep 26 23:57:36 EDT 2024, 9 %
Thu Sep 26 23:57:37 EDT 2024, 8 %
Thu Sep 26 23:57:39 EDT 2024, 5 %
Thu Sep 26 23:57:40 EDT 2024, 7 %
Thu Sep 26 23:57:41 EDT 2024, 100 %
Thu Sep 26 23:57:42 EDT 2024, 100 %
Thu Sep 26 23:57:43 EDT 2024, 100 %
Thu Sep 26 23:57:44 EDT 2024, 99 %
Thu Sep 26 23:57:45 EDT 2024, 98 %
Thu Sep 26 23:57:46 EDT 2024, 46 %
Thu Sep 26 23:57:47 EDT 2024, 0 %
Thu Sep 26 23:57:48 EDT 2024, 6 %
Thu Sep 26 23:57:49 EDT 2024, 7 %
Thu Sep 26 23:57:50 EDT 2024, 9 %
Thu Sep 26 23:57:51 EDT 2024, 2 %
Thu Sep 26 23:57:52 EDT 2024, 7 %
Thu Sep 26 23:57:53 EDT 2024, 8 %
Thu Sep 26 23:57:54 EDT 2024, 7 %
Thu Sep 26 23:57:55 EDT 2024, 8 %
Thu Sep 26 23:57:56 EDT 2024, 9 %
Thu Sep 26 23:57:57 EDT 2024, 8 %
Thu Sep 26 23:57:58 EDT 2024, 8 %
Thu Sep 26 23:57:59 EDT 2024, 9 %
Thu Sep 26 23:58:01 EDT 2024, 9 %
Thu Sep 26 23:58:02 EDT 2024, 8 %
Thu Sep 26 23:58:03 EDT 2024, 2 %
Thu Sep 26 23:58:04 EDT 2024, 8 %
Thu Sep 26 23:58:05 EDT 2024, 9 %
Thu Sep 26 23:58:06 EDT 2024, 7 %
Thu Sep 26 23:58:07 EDT 2024, 8 %
Thu Sep 26 23:58:08 EDT 2024, 100 %
Thu Sep 26 23:58:09 EDT 2024, 100 %
Thu Sep 26 23:58:10 EDT 2024, 100 %
Thu Sep 26 23:58:11 EDT 2024, 100 %
Thu Sep 26 23:58:12 EDT 2024, 97 %
Thu Sep 26 23:58:13 EDT 2024, 98 %
Thu Sep 26 23:58:14 EDT 2024, 98 %
Thu Sep 26 23:58:15 EDT 2024, 29 %
Thu Sep 26 23:58:16 EDT 2024, 100 %
Thu Sep 26 23:58:17 EDT 2024, 100 %
Thu Sep 26 23:58:18 EDT 2024, 100 %
Thu Sep 26 23:58:19 EDT 2024, 98 %
Thu Sep 26 23:58:20 EDT 2024, 98 %
Thu Sep 26 23:58:21 EDT 2024, 97 %
Thu Sep 26 23:58:23 EDT 2024, 0 %
Thu Sep 26 23:58:24 EDT 2024, 0 %
Thu Sep 26 23:58:25 EDT 2024, 7 %
Thu Sep 26 23:58:26 EDT 2024, 8 %
Thu Sep 26 23:58:27 EDT 2024, 6 %
Thu Sep 26 23:58:28 EDT 2024, 8 %
Thu Sep 26 23:58:29 EDT 2024, 8 %
Thu Sep 26 23:58:30 EDT 2024, 8 %
Thu Sep 26 23:58:31 EDT 2024, 9 %
Thu Sep 26 23:58:32 EDT 2024, 9 %
Thu Sep 26 23:58:33 EDT 2024, 9 %
Thu Sep 26 23:58:34 EDT 2024, 9 %
Thu Sep 26 23:58:35 EDT 2024, 4 %
Thu Sep 26 23:58:36 EDT 2024, 8 %
Thu Sep 26 23:58:37 EDT 2024, 8 %
Thu Sep 26 23:58:38 EDT 2024, 9 %
Thu Sep 26 23:58:39 EDT 2024, 8 %
Thu Sep 26 23:58:40 EDT 2024, 8 %
Thu Sep 26 23:58:41 EDT 2024, 8 %
Thu Sep 26 23:58:42 EDT 2024, 8 %
Thu Sep 26 23:58:43 EDT 2024, 5 %
Thu Sep 26 23:58:44 EDT 2024, 100 %
Thu Sep 26 23:58:46 EDT 2024, 100 %
Thu Sep 26 23:58:47 EDT 2024, 100 %
Thu Sep 26 23:58:48 EDT 2024, 98 %
Thu Sep 26 23:58:49 EDT 2024, 99 %
Thu Sep 26 23:58:50 EDT 2024, 99 %
Thu Sep 26 23:58:51 EDT 2024, 0 %
Thu Sep 26 23:58:52 EDT 2024, 11 %
Thu Sep 26 23:58:53 EDT 2024, 10 %
Thu Sep 26 23:58:54 EDT 2024, 12 %
Thu Sep 26 23:58:55 EDT 2024, 12 %
Thu Sep 26 23:58:56 EDT 2024, 12 %
Thu Sep 26 23:58:57 EDT 2024, 12 %
Thu Sep 26 23:58:58 EDT 2024, 7 %
Thu Sep 26 23:58:59 EDT 2024, 8 %
Thu Sep 26 23:59:00 EDT 2024, 9 %
Thu Sep 26 23:59:01 EDT 2024, 9 %
Thu Sep 26 23:59:02 EDT 2024, 9 %
Thu Sep 26 23:59:03 EDT 2024, 8 %
Thu Sep 26 23:59:04 EDT 2024, 9 %
Thu Sep 26 23:59:05 EDT 2024, 9 %
Thu Sep 26 23:59:06 EDT 2024, 8 %
Thu Sep 26 23:59:08 EDT 2024, 100 %
Thu Sep 26 23:59:09 EDT 2024, 100 %
Thu Sep 26 23:59:10 EDT 2024, 99 %
Thu Sep 26 23:59:11 EDT 2024, 98 %
Thu Sep 26 23:59:12 EDT 2024, 98 %
Thu Sep 26 23:59:13 EDT 2024, 36 %
Thu Sep 26 23:59:14 EDT 2024, 100 %
Thu Sep 26 23:59:15 EDT 2024, 100 %
Thu Sep 26 23:59:16 EDT 2024, 100 %
Thu Sep 26 23:59:17 EDT 2024, 100 %
Thu Sep 26 23:59:18 EDT 2024, 98 %
Thu Sep 26 23:59:19 EDT 2024, 98 %
Thu Sep 26 23:59:20 EDT 2024, 98 %
Thu Sep 26 23:59:21 EDT 2024, 98 %
Thu Sep 26 23:59:22 EDT 2024, 0 %
Thu Sep 26 23:59:23 EDT 2024, 10 %
Thu Sep 26 23:59:24 EDT 2024, 10 %
Thu Sep 26 23:59:25 EDT 2024, 6 %
Thu Sep 26 23:59:26 EDT 2024, 10 %
Thu Sep 26 23:59:27 EDT 2024, 4 %
Thu Sep 26 23:59:28 EDT 2024, 10 %
Thu Sep 26 23:59:30 EDT 2024, 10 %
Thu Sep 26 23:59:31 EDT 2024, 12 %
Thu Sep 26 23:59:32 EDT 2024, 9 %
Thu Sep 26 23:59:33 EDT 2024, 8 %
Thu Sep 26 23:59:34 EDT 2024, 8 %
Thu Sep 26 23:59:35 EDT 2024, 8 %
Thu Sep 26 23:59:36 EDT 2024, 8 %
Thu Sep 26 23:59:37 EDT 2024, 8 %
Thu Sep 26 23:59:38 EDT 2024, 3 %
Thu Sep 26 23:59:39 EDT 2024, 8 %
Thu Sep 26 23:59:40 EDT 2024, 8 %
Thu Sep 26 23:59:41 EDT 2024, 100 %
Thu Sep 26 23:59:42 EDT 2024, 100 %
Thu Sep 26 23:59:43 EDT 2024, 100 %
Thu Sep 26 23:59:44 EDT 2024, 100 %
Thu Sep 26 23:59:45 EDT 2024, 98 %
Thu Sep 26 23:59:46 EDT 2024, 99 %
Thu Sep 26 23:59:47 EDT 2024, 99 %
Thu Sep 26 23:59:48 EDT 2024, 0 %
Thu Sep 26 23:59:49 EDT 2024, 13 %
Thu Sep 26 23:59:50 EDT 2024, 11 %
Thu Sep 26 23:59:52 EDT 2024, 13 %
Thu Sep 26 23:59:53 EDT 2024, 6 %
Thu Sep 26 23:59:54 EDT 2024, 11 %
Thu Sep 26 23:59:55 EDT 2024, 8 %
Thu Sep 26 23:59:56 EDT 2024, 10 %
Thu Sep 26 23:59:57 EDT 2024, 8 %
Thu Sep 26 23:59:58 EDT 2024, 9 %
Thu Sep 26 23:59:59 EDT 2024, 9 %
Fri Sep 27 00:00:00 EDT 2024, 9 %
Fri Sep 27 00:00:01 EDT 2024, 9 %
Fri Sep 27 00:00:02 EDT 2024, 9 %
Fri Sep 27 00:00:03 EDT 2024, 9 %
Fri Sep 27 00:00:04 EDT 2024, 8 %
Fri Sep 27 00:00:05 EDT 2024, 100 %
Fri Sep 27 00:00:06 EDT 2024, 100 %
Fri Sep 27 00:00:07 EDT 2024, 96 %
Fri Sep 27 00:00:08 EDT 2024, 98 %
Fri Sep 27 00:00:09 EDT 2024, 0 %
Fri Sep 27 00:00:10 EDT 2024, 0 %
Fri Sep 27 00:00:11 EDT 2024, 10 %
Fri Sep 27 00:00:12 EDT 2024, 10 %
Fri Sep 27 00:00:14 EDT 2024, 9 %
Fri Sep 27 00:00:15 EDT 2024, 10 %
Fri Sep 27 00:00:16 EDT 2024, 8 %
Fri Sep 27 00:00:17 EDT 2024, 10 %
Fri Sep 27 00:00:18 EDT 2024, 8 %
Fri Sep 27 00:00:19 EDT 2024, 3 %
Fri Sep 27 00:00:20 EDT 2024, 10 %
Fri Sep 27 00:00:21 EDT 2024, 8 %
Fri Sep 27 00:00:22 EDT 2024, 6 %
Fri Sep 27 00:00:23 EDT 2024, 7 %
Fri Sep 27 00:00:24 EDT 2024, 8 %
Fri Sep 27 00:00:25 EDT 2024, 6 %
Fri Sep 27 00:00:26 EDT 2024, 6 %
Fri Sep 27 00:00:27 EDT 2024, 100 %
Fri Sep 27 00:00:28 EDT 2024, 100 %
Fri Sep 27 00:00:29 EDT 2024, 100 %
Fri Sep 27 00:00:30 EDT 2024, 99 %
Fri Sep 27 00:00:31 EDT 2024, 98 %
Fri Sep 27 00:00:32 EDT 2024, 98 %
Fri Sep 27 00:00:33 EDT 2024, 0 %
Fri Sep 27 00:00:34 EDT 2024, 10 %
Fri Sep 27 00:00:36 EDT 2024, 15 %
Fri Sep 27 00:00:37 EDT 2024, 12 %
Fri Sep 27 00:00:38 EDT 2024, 12 %
Fri Sep 27 00:00:39 EDT 2024, 12 %
Fri Sep 27 00:00:40 EDT 2024, 14 %
Fri Sep 27 00:00:41 EDT 2024, 12 %
Fri Sep 27 00:00:42 EDT 2024, 7 %
Fri Sep 27 00:00:43 EDT 2024, 13 %
Fri Sep 27 00:00:44 EDT 2024, 4 %
Fri Sep 27 00:00:45 EDT 2024, 14 %
Fri Sep 27 00:00:46 EDT 2024, 11 %
Fri Sep 27 00:00:47 EDT 2024, 100 %
Fri Sep 27 00:00:48 EDT 2024, 100 %
Fri Sep 27 00:00:49 EDT 2024, 100 %
Fri Sep 27 00:00:50 EDT 2024, 100 %
Fri Sep 27 00:00:51 EDT 2024, 98 %
Fri Sep 27 00:00:52 EDT 2024, 98 %
Fri Sep 27 00:00:53 EDT 2024, 94 %
Fri Sep 27 00:00:54 EDT 2024, 0 %
Fri Sep 27 00:00:55 EDT 2024, 2 %
Fri Sep 27 00:00:56 EDT 2024, 6 %
Fri Sep 27 00:00:58 EDT 2024, 6 %
Fri Sep 27 00:00:59 EDT 2024, 5 %
Fri Sep 27 00:01:00 EDT 2024, 8 %
Fri Sep 27 00:01:01 EDT 2024, 9 %
Fri Sep 27 00:01:02 EDT 2024, 9 %
Fri Sep 27 00:01:03 EDT 2024, 6 %
Fri Sep 27 00:01:04 EDT 2024, 6 %
Fri Sep 27 00:01:05 EDT 2024, 8 %
Fri Sep 27 00:01:06 EDT 2024, 5 %
Fri Sep 27 00:01:07 EDT 2024, 5 %
Fri Sep 27 00:01:08 EDT 2024, 6 %
Fri Sep 27 00:01:09 EDT 2024, 7 %
Fri Sep 27 00:01:10 EDT 2024, 6 %
Fri Sep 27 00:01:11 EDT 2024, 5 %
Fri Sep 27 00:01:12 EDT 2024, 4 %
Fri Sep 27 00:01:13 EDT 2024, 8 %
Fri Sep 27 00:01:14 EDT 2024, 7 %
Fri Sep 27 00:01:15 EDT 2024, 7 %
Fri Sep 27 00:01:16 EDT 2024, 8 %
Fri Sep 27 00:01:17 EDT 2024, 9 %
Fri Sep 27 00:01:18 EDT 2024, 33 %
Fri Sep 27 00:01:20 EDT 2024, 100 %
Fri Sep 27 00:01:21 EDT 2024, 100 %
Fri Sep 27 00:01:22 EDT 2024, 100 %
Fri Sep 27 00:01:23 EDT 2024, 100 %
Fri Sep 27 00:01:24 EDT 2024, 100 %
Fri Sep 27 00:01:25 EDT 2024, 98 %
Fri Sep 27 00:01:26 EDT 2024, 98 %
Fri Sep 27 00:01:27 EDT 2024, 7 %
Fri Sep 27 00:01:28 EDT 2024, 0 %
Fri Sep 27 00:01:29 EDT 2024, 5 %
Fri Sep 27 00:01:30 EDT 2024, 8 %
Fri Sep 27 00:01:31 EDT 2024, 9 %
Fri Sep 27 00:01:32 EDT 2024, 9 %
Fri Sep 27 00:01:33 EDT 2024, 9 %
Fri Sep 27 00:01:34 EDT 2024, 7 %
Fri Sep 27 00:01:35 EDT 2024, 9 %
Fri Sep 27 00:01:36 EDT 2024, 9 %
Fri Sep 27 00:01:37 EDT 2024, 3 %
Fri Sep 27 00:01:38 EDT 2024, 8 %
Fri Sep 27 00:01:39 EDT 2024, 8 %
Fri Sep 27 00:01:40 EDT 2024, 8 %
Fri Sep 27 00:01:42 EDT 2024, 9 %
Fri Sep 27 00:01:43 EDT 2024, 9 %
Fri Sep 27 00:01:44 EDT 2024, 8 %
Fri Sep 27 00:01:45 EDT 2024, 9 %
Fri Sep 27 00:01:46 EDT 2024, 6 %
Fri Sep 27 00:01:47 EDT 2024, 7 %
Fri Sep 27 00:01:48 EDT 2024, 100 %
Fri Sep 27 00:01:49 EDT 2024, 100 %
Fri Sep 27 00:01:50 EDT 2024, 100 %
Fri Sep 27 00:01:51 EDT 2024, 100 %
Fri Sep 27 00:01:52 EDT 2024, 100 %
Fri Sep 27 00:01:53 EDT 2024, 98 %
Fri Sep 27 00:01:54 EDT 2024, 97 %
Fri Sep 27 00:01:55 EDT 2024, 99 %
Fri Sep 27 00:01:56 EDT 2024, 100 %
Fri Sep 27 00:01:57 EDT 2024, 100 %
Fri Sep 27 00:01:58 EDT 2024, 100 %
Fri Sep 27 00:01:59 EDT 2024, 98 %
Fri Sep 27 00:02:00 EDT 2024, 98 %
Fri Sep 27 00:02:01 EDT 2024, 98 %
Fri Sep 27 00:02:02 EDT 2024, 0 %
Fri Sep 27 00:02:03 EDT 2024, 14 %
Fri Sep 27 00:02:05 EDT 2024, 11 %
Fri Sep 27 00:02:06 EDT 2024, 9 %
Fri Sep 27 00:02:07 EDT 2024, 9 %
Fri Sep 27 00:02:08 EDT 2024, 10 %
Fri Sep 27 00:02:09 EDT 2024, 11 %
Fri Sep 27 00:02:10 EDT 2024, 11 %
Fri Sep 27 00:02:11 EDT 2024, 12 %
Fri Sep 27 00:02:12 EDT 2024, 12 %
Fri Sep 27 00:02:13 EDT 2024, 13 %
Fri Sep 27 00:02:14 EDT 2024, 10 %
Fri Sep 27 00:02:15 EDT 2024, 10 %
Fri Sep 27 00:02:16 EDT 2024, 9 %
Fri Sep 27 00:02:17 EDT 2024, 8 %
Fri Sep 27 00:02:18 EDT 2024, 4 %
Fri Sep 27 00:02:19 EDT 2024, 100 %
Fri Sep 27 00:02:20 EDT 2024, 100 %
Fri Sep 27 00:02:21 EDT 2024, 100 %
Fri Sep 27 00:02:22 EDT 2024, 100 %
Fri Sep 27 00:02:23 EDT 2024, 100 %
Fri Sep 27 00:02:24 EDT 2024, 98 %
Fri Sep 27 00:02:25 EDT 2024, 99 %
Fri Sep 27 00:02:26 EDT 2024, 99 %
Fri Sep 27 00:02:28 EDT 2024, 0 %
Fri Sep 27 00:02:29 EDT 2024, 5 %
Fri Sep 27 00:02:30 EDT 2024, 8 %
Fri Sep 27 00:02:31 EDT 2024, 6 %
Fri Sep 27 00:02:32 EDT 2024, 6 %
Fri Sep 27 00:02:33 EDT 2024, 8 %
Fri Sep 27 00:02:34 EDT 2024, 6 %
Fri Sep 27 00:02:35 EDT 2024, 6 %
Fri Sep 27 00:02:36 EDT 2024, 0 %
Fri Sep 27 00:02:37 EDT 2024, 0 %
Fri Sep 27 00:02:38 EDT 2024, 0 %
Fri Sep 27 00:02:39 EDT 2024, 0 %
Fri Sep 27 00:02:40 EDT 2024, 0 %
Fri Sep 27 00:02:41 EDT 2024, 0 %
Fri Sep 27 00:02:42 EDT 2024, 0 %
Fri Sep 27 00:02:43 EDT 2024, 0 %
Fri Sep 27 00:02:44 EDT 2024, 0 %
Fri Sep 27 00:02:45 EDT 2024, 0 %
Fri Sep 27 00:02:46 EDT 2024, 0 %
Fri Sep 27 00:02:47 EDT 2024, 0 %
Fri Sep 27 00:02:48 EDT 2024, 0 %
Fri Sep 27 00:02:49 EDT 2024, 0 %
Fri Sep 27 00:02:51 EDT 2024, 0 %
Fri Sep 27 00:02:52 EDT 2024, 0 %
Fri Sep 27 00:02:53 EDT 2024, 0 %
Fri Sep 27 00:02:54 EDT 2024, 0 %
Fri Sep 27 00:02:55 EDT 2024, 0 %
